{
    "neuralNetSize": [
        400,
        200,
        7
    ],
    "learnRate": 0.05000000074505806,
    "dataPerBatch": 32,
    "accuracy": 51.33928680419922,
    "cost": 0.48972774241311
}